CODIGO_REFERENCIA;CODIGO_TALLA;NOMBRE_REFERNCIA;REFERNCIA;TALLA;CANTIDAD
256;1;MEDIA FUTBOL SEMI-PROFESIONAL;MFC0001;N/A;0
271;1;BARRA MANCUERNA;BMG0001;N/A;0
315;1;CANILLERAS;CAN0001;N/A;0
325;2;UEFA REAL HOME;UEFA001;S;0
325;3;UEFA REAL HOME;UEFA001;M;0
325;4;UEFA REAL HOME;UEFA001;L;0
325;5;UEFA REAL HOME;UEFA001;XL;0
326;2;UEFA REAL VISITOR;UEFA002;S;0
326;3;UEFA REAL VISITOR;UEFA002;M;0
326;4;UEFA REAL VISITOR;UEFA002;L;0
326;5;UEFA REAL VISITOR;UEFA002;XL;0
327;2;UEFA BARZA HOME;UEFA003;S;0
327;3;UEFA BARZA HOME;UEFA003;M;0
327;4;UEFA BARZA HOME;UEFA003;L;0
327;5;UEFA BARZA HOME;UEFA003;XL;0
328;2;UEFA BARZA VISITOR;UEFA004;S;0
328;3;UEFA BARZA VISITOR;UEFA004;M;0
328;4;UEFA BARZA VISITOR;UEFA004;L;0
328;5;UEFA BARZA VISITOR;UEFA004;XL;0
329;2;UEFA MANCHESTER HOME;UEFA005;S;0
329;3;UEFA MANCHESTER HOME;UEFA005;M;0
329;4;UEFA MANCHESTER HOME;UEFA005;L;0
329;5;UEFA MANCHESTER HOME;UEFA005;XL;0
330;2;UEFA MANCHESTER VISITOR;UEFA006;S;0
330;3;UEFA MANCHESTER VISITOR;UEFA006;M;0
330;4;UEFA MANCHESTER VISITOR;UEFA006;L;0
330;5;UEFA MANCHESTER VISITOR;UEFA006;XL;0
331;2;UEFA ARSENAL HOME;UEFA007;S;0
331;3;UEFA ARSENAL HOME;UEFA007;M;0
331;4;UEFA ARSENAL HOME;UEFA007;L;0
331;5;UEFA ARSENAL HOME;UEFA007;XL;0
332;2;UEFA ARSENAL VISITOR;UEFA008;S;0
332;3;UEFA ARSENAL VISITOR;UEFA008;M;0
332;4;UEFA ARSENAL VISITOR;UEFA008;L;0
332;5;UEFA ARSENAL VISITOR;UEFA008;XL;0
333;2;UEFA LIVERPOOL HOME;UEFA009;S;0
333;3;UEFA LIVERPOOL HOME;UEFA009;M;0
333;4;UEFA LIVERPOOL HOME;UEFA009;L;0
333;5;UEFA LIVERPOOL HOME;UEFA009;XL;0
334;2;UEFA CHEALSE HOME;UEFA010;S;0
334;3;UEFA CHEALSE HOME;UEFA010;M;0
334;4;UEFA CHEALSE HOME;UEFA010;L;0
334;5;UEFA CHEALSE HOME;UEFA010;XL;0
335;2;UEFA CHEALSE VISITOR;UEFA011;S;0
335;3;UEFA CHEALSE VISITOR;UEFA011;M;0
335;4;UEFA CHEALSE VISITOR;UEFA011;L;0
335;5;UEFA CHEALSE VISITOR;UEFA011;XL;0
336;2;UEFA INTER HOME;UEFA012;S;0
336;3;UEFA INTER HOME;UEFA012;M;0
336;4;UEFA INTER HOME;UEFA012;L;0
336;5;UEFA INTER HOME;UEFA012;XL;0
337;2;UEFA MILAN HOME;UEFA013;S;0
337;3;UEFA MILAN HOME;UEFA013;M;0
337;4;UEFA MILAN HOME;UEFA013;L;0
337;5;UEFA MILAN HOME;UEFA013;XL;0
338;2;UEFA JUVENTUS HOME;UEFA014;S;0
338;3;UEFA JUVENTUS HOME;UEFA014;M;0
338;4;UEFA JUVENTUS HOME;UEFA014;L;0
338;5;UEFA JUVENTUS HOME;UEFA014;XL;0
339;2;UEFA BAYER HOME;UEFA015;S;0
339;3;UEFA BAYER HOME;UEFA015;M;0
339;4;UEFA BAYER HOME;UEFA015;L;0
339;5;UEFA BAYER HOME;UEFA015;XL;0
340;2;UNIFORME UEFA AMARILLO;UEFA016;S;0
340;3;UNIFORME UEFA AMARILLO;UEFA016;M;0
340;4;UNIFORME UEFA AMARILLO;UEFA016;L;0
340;5;UNIFORME UEFA AMARILLO;UEFA016;XL;0
341;2;UNIFORME UEFA AZUL;UEFA017;S;0
341;3;UNIFORME UEFA AZUL;UEFA017;M;0
341;4;UNIFORME UEFA AZUL;UEFA017;L;0
341;5;UNIFORME UEFA AZUL;UEFA017;XL;0
342;3;UNIFORME UEFA ROJO;UEFA018;M;0
342;4;UNIFORME UEFA ROJO;UEFA018;L;0
342;5;UNIFORME UEFA ROJO;UEFA018;XL;0
343;2;UNIFORME UEFA VERDE;UEFA019;S;0
343;3;UNIFORME UEFA VERDE;UEFA019;M;0
343;4;UNIFORME UEFA VERDE;UEFA019;L;0
343;5;UNIFORME UEFA VERDE;UEFA019;XL;0
344;2;UNIFORME UEFA NARANJA;UEFA020;S;0
344;3;UNIFORME UEFA NARANJA;UEFA020;M;0
344;4;UNIFORME UEFA NARANJA;UEFA020;L;0
344;5;UNIFORME UEFA NARANJA;UEFA020;XL;0
345;2;UNIFORME UEFA CELESTE;UEFA021;S;0
345;3;UNIFORME UEFA CELESTE;UEFA021;M;0
345;4;UNIFORME UEFA CELESTE;UEFA021;L;0
345;5;UNIFORME UEFA CELESTE;UEFA021;XL;0
346;2;UNIFORME UEFA BLANCO;UEFA022;S;0
346;3;UNIFORME UEFA BLANCO;UEFA022;M;0
346;4;UNIFORME UEFA BLANCO;UEFA022;L;0
346;5;UNIFORME UEFA BLANCO;UEFA022;XL;0
347;2;UNIFORME UEFA GRIS;UEFA023;S;0
347;3;UNIFORME UEFA GRIS;UEFA023;M;0
347;4;UNIFORME UEFA GRIS;UEFA023;L;0
347;5;UNIFORME UEFA GRIS;UEFA023;XL;0
348;11;MEDIA FUTBOL PROF;MFC0002;AMARILLO;120
348;12;MEDIA FUTBOL PROF;MFC0002;AZUL REY;0
348;13;MEDIA FUTBOL PROF;MFC0002;ROJO;2
348;14;MEDIA FUTBOL PROF;MFC0002;NARANJA;0
348;15;MEDIA FUTBOL PROF;MFC0002;VERDE;514
348;16;MEDIA FUTBOL PROF;MFC0002;BL X VER;487
348;17;MEDIA FUTBOL PROF;MFC0002;BL X AZU;0
348;18;MEDIA FUTBOL PROF;MFC0002;BL X NEG;0
348;19;MEDIA FUTBOL PROF;MFC0002;BL X ROJ;0
348;20;MEDIA FUTBOL PROF;MFC0002;AZUL OSCURO;0
348;21;MEDIA FUTBOL PROF;MFC0002;NEGRA;0
348;129;MEDIA FUTBOL PROF;MFC0002;VERDE CLARO;0
348;130;MEDIA FUTBOL PROF;MFC0002;BLANCO;0
348;131;MEDIA FUTBOL PROF;MFC0002;BL X AMA;144
348;132;MEDIA FUTBOL PROF;MFC0002;BL X VER CLA;432
349;2;UNIFORME UEFA NEGRO;UEFA024;S;0
349;3;UNIFORME UEFA NEGRO;UEFA024;M;0
349;4;UNIFORME UEFA NEGRO;UEFA024;L;0
349;5;UNIFORME UEFA NEGRO;UEFA024;XL;0
351;1;HOJA TRANSFER;KIN0001;N/A;5069
352;1;GUAYOS FUTFOL;GUAF0001;N/A;0
369;6;UNI NI헲 REAL MAD;UEFA0025;10;0
369;7;UNI NI헲 REAL MAD;UEFA0025;12;0
369;8;UNI NI헲 REAL MAD;UEFA0025;14;0
369;9;UNI NI헲 REAL MAD;UEFA0025;16;0
369;10;UNI NI헲 REAL MAD;UEFA0025;18;0
370;6;UNI NI헲 BARCELONA;UEFA0026;10;0
370;7;UNI NI헲 BARCELONA;UEFA0026;12;0
370;8;UNI NI헲 BARCELONA;UEFA0026;14;0
370;9;UNI NI헲 BARCELONA;UEFA0026;16;0
370;10;UNI NI헲 BARCELONA;UEFA0026;18;0
371;6;UNI NI헲 CHELSEA;UEFA0027;10;0
371;7;UNI NI헲 CHELSEA;UEFA0027;12;0
371;8;UNI NI헲 CHELSEA;UEFA0027;14;0
371;9;UNI NI헲 CHELSEA;UEFA0027;16;0
371;10;UNI NI헲 CHELSEA;UEFA0027;18;0
372;6;UNI NI헲 MANCHESTER;UEFA0028;10;0
372;7;UNI NI헲 MANCHESTER;UEFA0028;12;0
372;8;UNI NI헲 MANCHESTER;UEFA0028;14;0
372;9;UNI NI헲 MANCHESTER;UEFA0028;16;0
372;10;UNI NI헲 MANCHESTER;UEFA0028;18;0
373;6;UNIFORME NI헲 MILAN;UEFA0029;10;0
373;7;UNIFORME NI헲 MILAN;UEFA0029;12;0
373;8;UNIFORME NI헲 MILAN;UEFA0029;14;0
373;9;UNIFORME NI헲 MILAN;UEFA0029;16;0
373;10;UNIFORME NI헲 MILAN;UEFA0029;18;0
374;6;UNI NI헲 MILL.;UEFA0030;10;190
374;7;UNI NI헲 MILL.;UEFA0030;12;349
374;8;UNI NI헲 MILL.;UEFA0030;14;360
374;9;UNI NI헲 MILL.;UEFA0030;16;170
374;10;UNI NI헲 MILL.;UEFA0030;18;0
375;6;UNI NI헲 ARGENTINA;UEFA0031;10;0
375;7;UNI NI헲 ARGENTINA;UEFA0031;12;0
375;8;UNI NI헲 ARGENTINA;UEFA0031;14;0
375;9;UNI NI헲 ARGENTINA;UEFA0031;16;0
375;10;UNI NI헲 ARGENTINA;UEFA0031;18;0
376;2;UNIF AD ALEMANIA HOME;UEFA0032;S;13
376;3;UNIF AD ALEMANIA HOME;UEFA0032;M;9
376;4;UNIF AD ALEMANIA HOME;UEFA0032;L;27
376;5;UNIF AD ALEMANIA HOME;UEFA0032;XL;22
377;2;UNIF AD INGLATERRA X AZUL;UEFA0033;S;0
377;3;UNIF AD INGLATERRA X AZUL;UEFA0033;M;0
377;4;UNIF AD INGLATERRA X AZUL;UEFA0033;L;0
377;5;UNIF AD INGLATERRA X AZUL;UEFA0033;XL;10
378;2;UNIF AD HOLANDA HOME;UEFA0034;S;0
378;3;UNIF AD HOLANDA HOME;UEFA0034;M;34
378;4;UNIF AD HOLANDA HOME;UEFA0034;L;33
378;5;UNIF AD HOLANDA HOME;UEFA0034;XL;19
379;2;UNIFORME ADULTO ESPA헤;UEFA0035;S;0
379;3;UNIFORME ADULTO ESPA헤;UEFA0035;M;0
379;4;UNIFORME ADULTO ESPA헤;UEFA0035;L;0
379;5;UNIFORME ADULTO ESPA헤;UEFA0035;XL;0
380;2;COVER TRAINING AMARILLO;UEFA0036;S;0
380;3;COVER TRAINING AMARILLO;UEFA0036;M;0
380;4;COVER TRAINING AMARILLO;UEFA0036;L;0
380;5;COVER TRAINING AMARILLO;UEFA0036;XL;0
387;1;MAQUINA TERMOFIJADORA 110V;BOT1001;N/A;0
388;2;UEFA INTER VISITOR;UEFA038;S;0
388;3;UEFA INTER VISITOR;UEFA038;M;0
388;4;UEFA INTER VISITOR;UEFA038;L;0
388;5;UEFA INTER VISITOR;UEFA038;XL;0
389;2;UEFA PORTO HOME;UEFA039;S;0
389;3;UEFA PORTO HOME;UEFA039;M;0
389;4;UEFA PORTO HOME;UEFA039;L;0
389;5;UEFA PORTO HOME;UEFA039;XL;0
390;2;UEFA OLIMPIQUE HOME;UEFA040;S;0
390;3;UEFA OLIMPIQUE HOME;UEFA040;M;0
390;4;UEFA OLIMPIQUE HOME;UEFA040;L;0
390;5;UEFA OLIMPIQUE HOME;UEFA040;XL;0
391;2;UEFA BOCA HOME;UEFA041;S;0
391;3;UEFA BOCA HOME;UEFA041;M;0
391;4;UEFA BOCA HOME;UEFA041;L;0
391;5;UEFA BOCA HOME;UEFA041;XL;0
392;2;UEFA BAYERN VISITOR;UEFA042;S;0
392;3;UEFA BAYERN VISITOR;UEFA042;M;0
392;4;UEFA BAYERN VISITOR;UEFA042;L;0
392;5;UEFA BAYERN VISITOR;UEFA042;XL;0
393;2;UEFA ARSENAL VISITOR 2;UEFA043;S;0
393;3;UEFA ARSENAL VISITOR 2;UEFA043;M;0
393;4;UEFA ARSENAL VISITOR 2;UEFA043;L;0
393;5;UEFA ARSENAL VISITOR 2;UEFA043;XL;0
394;2;UEFA ATLETICO HOME;UEFA044;S;0
394;3;UEFA ATLETICO HOME;UEFA044;M;0
394;4;UEFA ATLETICO HOME;UEFA044;L;0
394;5;UEFA ATLETICO HOME;UEFA044;XL;0
395;2;UEFA SPORTING HOME;UEFA045;S;0
395;3;UEFA SPORTING HOME;UEFA045;M;0
395;4;UEFA SPORTING HOME;UEFA045;L;0
395;5;UEFA SPORTING HOME;UEFA045;XL;0
396;2;UEFA AJAX HOME;UEFA046;S;0
396;3;UEFA AJAX HOME;UEFA046;M;0
396;4;UEFA AJAX HOME;UEFA046;L;0
396;5;UEFA AJAX HOME;UEFA046;XL;0
397;2;UEFA PSV HOME;UEFA047;S;0
397;3;UEFA PSV HOME;UEFA047;M;0
397;4;UEFA PSV HOME;UEFA047;L;0
397;5;UEFA PSV HOME;UEFA047;XL;0
398;2;UEFA WOLFSBURG HOME;UEFA048;S;0
398;3;UEFA WOLFSBURG HOME;UEFA048;M;0
398;4;UEFA WOLFSBURG HOME;UEFA048;L;0
398;5;UEFA WOLFSBURG HOME;UEFA048;XL;0
399;2;UEFA PARIS HOME;UEFA049;S;0
399;3;UEFA PARIS HOME;UEFA049;M;0
399;4;UEFA PARIS HOME;UEFA049;L;0
399;5;UEFA PARIS HOME;UEFA049;XL;0
400;2;ZIPPER CELESTE;UEFA050;S;0
400;3;ZIPPER CELESTE;UEFA050;M;0
400;4;ZIPPER CELESTE;UEFA050;L;0
400;5;ZIPPER CELESTE;UEFA050;XL;0
401;2;ZIPPER OCRE;UEFA051;S;0
401;3;ZIPPER OCRE;UEFA051;M;0
401;4;ZIPPER OCRE;UEFA051;L;0
401;5;ZIPPER OCRE;UEFA051;XL;0
402;2;ZIPPER ROJO;UEFA052;S;0
402;3;ZIPPER ROJO;UEFA052;M;0
402;4;ZIPPER ROJO;UEFA052;L;0
402;5;ZIPPER ROJO;UEFA052;XL;0
403;2;ZIPPER AMARILLO;UEFA053;S;19
403;3;ZIPPER AMARILLO;UEFA053;M;66
403;4;ZIPPER AMARILLO;UEFA053;L;76
403;5;ZIPPER AMARILLO;UEFA053;XL;7
404;2;ZIPPER VERDE;UEFA054;S;0
404;3;ZIPPER VERDE;UEFA054;M;0
404;4;ZIPPER VERDE;UEFA054;L;0
404;5;ZIPPER VERDE;UEFA054;XL;0
405;2;ZIPPER AZUL;UEFA055;S;0
405;3;ZIPPER AZUL;UEFA055;M;0
405;4;ZIPPER AZUL;UEFA055;L;0
405;5;ZIPPER AZUL;UEFA055;XL;0
414;1;CANILLERRA UMBRO CON TOBILLERA;ACFU0001;N/A;0
415;1;CANILLERA RUNIC CON TOBILLERA;ACFU0002;N/A;0
416;1;CANILLERA NIKE SPO40;ACFU0003;N/A;0
417;1;CANILLERA NIKE CROMO SENCILLA;ACFU0004;N/A;0
418;1;CANILLERA N. SENCILLA SP198;ACFU0005;N/A;0
419;1;CANILLERA SENCILLA;ACFU0006;N/A;815
420;1;COPA PROTECTOR;ACFU0007;N/A;0
421;1;GUANTE ARQUERO ADULTO;ACFU0008;N/A;638
422;1;PITO ARBITRO ACME;ACFU0014;N/A;0
423;1;GUANTE ARQUERO ANTIFRACTURANTE;ACFU0015;N/A;102
424;1;PITO ARBITRO FOX 40;ACFU0009;N/A;520
425;1;GUAYERA FUTBOL;ACFU0010;N/A;1745
426;1;PROTECTOR BUCAL;ACFU0016;N/A;0
427;1;CANILLERA CON TOBILLERA;ACFU0011;N/A;222
428;1;CANILLERA NIKE T-90;ACFU0012;N/A;0
429;1;CANILLERA CROMO CON TOBILLERA N.;ACFU0013;N/A;0
430;1;BALON BASKET COLORES;BAB0001;N/A;0
431;1;BALON BASKET PROFESIONAL;BAB0002;N/A;0
432;1;BALON BASKET SPTF # 5;BAB0003;N/A;0
433;1;BALON FUTBOL NIKE T 90;BAF0001;N/A;0
434;1;BALON FUTBOL PUMA;BAF0002;N/A;0
435;1;BALON FUTBOL G-PROMO;BAF0003;N/A;17
436;1;MINI BALON FUTBOL;BAF0004;N/A;0
437;1;BALON FUTBOL PROFESIONAL N.;BAF0005;N/A;0
438;1;MINI BALON FUTBOL LUJO;BAF0006;N/A;0
439;2;CAMISETA SELECCION COLOMBIA;CAC0001;S;0
439;3;CAMISETA SELECCION COLOMBIA;CAC0001;M;0
439;4;CAMISETA SELECCION COLOMBIA;CAC0001;L;0
439;5;CAMISETA SELECCION COLOMBIA;CAC0001;XL;0
442;1;GUAYO ADULTO NIKE MARQUIS TF;GUYA0001;N/A;0
443;1;GUAYO ADULTO FUTBOL NIKE PREMIER II;GUYAOOO2;N/A;0
444;6;UNI NI헲 ESPA헤;UEFA0037;10;49
444;7;UNI NI헲 ESPA헤;UEFA0037;12;222
444;8;UNI NI헲 ESPA헤;UEFA0037;14;268
444;9;UNI NI헲 ESPA헤;UEFA0037;16;60
444;10;UNI NI헲 ESPA헤;UEFA0037;18;0
445;6;UNI NI헲 FRANCIA;UEFA0038;10;0
445;7;UNI NI헲 FRANCIA;UEFA0038;12;0
445;8;UNI NI헲 FRANCIA;UEFA0038;14;0
445;9;UNI NI헲 FRANCIA;UEFA0038;16;0
445;10;UNI NI헲 FRANCIA;UEFA0038;18;0
446;6;UNI NI헲 ALEMANIA;UEFA0039;10;0
446;7;UNI NI헲 ALEMANIA;UEFA0039;12;33
446;8;UNI NI헲 ALEMANIA;UEFA0039;14;33
446;9;UNI NI헲 ALEMANIA;UEFA0039;16;0
446;10;UNI NI헲 ALEMANIA;UEFA0039;18;0
447;6;UNI NI헲 BRASIL;UEFA0040;10;0
447;7;UNI NI헲 BRASIL;UEFA0040;12;0
447;8;UNI NI헲 BRASIL;UEFA0040;14;0
447;9;UNI NI헲 BRASIL;UEFA0040;16;0
447;10;UNI NI헲 BRASIL;UEFA0040;18;0
448;6;UNI NI헲 INGLATERRA;UEFA0041;10;0
448;7;UNI NI헲 INGLATERRA;UEFA0041;12;100
448;8;UNI NI헲 INGLATERRA;UEFA0041;14;119
448;9;UNI NI헲 INGLATERRA;UEFA0041;16;19
448;10;UNI NI헲 INGLATERRA;UEFA0041;18;0
449;2;UEFA LYONNNAIS;UEFA056;S;0
449;3;UEFA LYONNNAIS;UEFA056;M;0
449;4;UEFA LYONNNAIS;UEFA056;L;0
449;5;UEFA LYONNNAIS;UEFA056;XL;0
450;2;UNIF AD ARGELIA HOME;UEFA057;S;0
450;3;UNIF AD ARGELIA HOME;UEFA057;M;0
450;4;UNIF AD ARGELIA HOME;UEFA057;L;0
450;5;UNIF AD ARGELIA HOME;UEFA057;XL;0
451;1;GUAYO FUTBOL NINO NIKE;GUYN0001;N/A;0
452;1;GUAYO NINO NIKE PREMIER FG-R;GUYN0002;N/A;0
452;2;GUAYO NINO NIKE PREMIER FG-R;GUYN0002;S;0
452;3;GUAYO NINO NIKE PREMIER FG-R;GUYN0002;M;0
452;4;GUAYO NINO NIKE PREMIER FG-R;GUYN0002;L;0
452;5;GUAYO NINO NIKE PREMIER FG-R;GUYN0002;XL;0
453;1;GUANTES PESAS G-TECH;GYM0001;N/A;0
454;1;GUANTES PESAS MARCA;GYM0002;N/A;0
455;2;UNIFORME BASKETBALL ATLANTA;NBA001;S;0
455;3;UNIFORME BASKETBALL ATLANTA;NBA001;M;0
455;4;UNIFORME BASKETBALL ATLANTA;NBA001;L;0
455;5;UNIFORME BASKETBALL ATLANTA;NBA001;XL;0
456;2;UNIFORME BASKET LAKERS BLANCO;NBA002;S;0
456;3;UNIFORME BASKET LAKERS BLANCO;NBA002;M;0
456;4;UNIFORME BASKET LAKERS BLANCO;NBA002;L;0
456;5;UNIFORME BASKET LAKERS BLANCO;NBA002;XL;0
457;2;UNIFORME BASKETBALL CAVALIERS;NBA003;S;0
457;3;UNIFORME BASKETBALL CAVALIERS;NBA003;M;0
457;4;UNIFORME BASKETBALL CAVALIERS;NBA003;L;0
457;5;UNIFORME BASKETBALL CAVALIERS;NBA003;XL;0
458;2;UNIFORME BASKETBALL CLEVELAND;NBA004;S;0
458;3;UNIFORME BASKETBALL CLEVELAND;NBA004;M;0
458;4;UNIFORME BASKETBALL CLEVELAND;NBA004;L;0
458;5;UNIFORME BASKETBALL CLEVELAND;NBA004;XL;0
459;2;UNIFORME BASKETBALL DALLAS AZUL;NBA005;S;0
459;3;UNIFORME BASKETBALL DALLAS AZUL;NBA005;M;0
459;4;UNIFORME BASKETBALL DALLAS AZUL;NBA005;L;0
459;5;UNIFORME BASKETBALL DALLAS AZUL;NBA005;XL;0
460;2;UNIFORME BASKET DALLAS BLAN;NBA006;S;0
460;3;UNIFORME BASKET DALLAS BLAN;NBA006;M;0
460;4;UNIFORME BASKET DALLAS BLAN;NBA006;L;0
460;5;UNIFORME BASKET DALLAS BLAN;NBA006;XL;0
461;2;UNIFORME BASKETBALL DENVER;NBA007;S;0
461;3;UNIFORME BASKETBALL DENVER;NBA007;M;0
461;4;UNIFORME BASKETBALL DENVER;NBA007;L;0
461;5;UNIFORME BASKETBALL DENVER;NBA007;XL;0
462;2;UNIFORME BASKETBALL DETROIT;NBA008;S;0
462;3;UNIFORME BASKETBALL DETROIT;NBA008;M;0
462;4;UNIFORME BASKETBALL DETROIT;NBA008;L;0
462;5;UNIFORME BASKETBALL DETROIT;NBA008;XL;0
463;2;UNIFORME BASKETBALL HAWKS;NBA009;S;0
463;3;UNIFORME BASKETBALL HAWKS;NBA009;M;0
463;4;UNIFORME BASKETBALL HAWKS;NBA009;L;0
463;5;UNIFORME BASKETBALL HAWKS;NBA009;XL;0
464;2;UNIFORME BASKET LAKERS AMARILLA;NBA010;S;0
464;3;UNIFORME BASKET LAKERS AMARILLA;NBA010;M;0
464;4;UNIFORME BASKET LAKERS AMARILLA;NBA010;L;0
464;5;UNIFORME BASKET LAKERS AMARILLA;NBA010;XL;0
465;2;UNIFORME BASKETBALL LAKER BLANCA;NBA011;S;0
465;3;UNIFORME BASKETBALL LAKER BLANCA;NBA011;M;0
465;4;UNIFORME BASKETBALL LAKER BLANCA;NBA011;L;0
465;5;UNIFORME BASKETBALL LAKER BLANCA;NBA011;XL;0
466;2;UNIFORME BASKETBALL LAKER MORADA;NBA012;S;0
466;3;UNIFORME BASKETBALL LAKER MORADA;NBA012;M;0
466;4;UNIFORME BASKETBALL LAKER MORADA;NBA012;L;0
466;5;UNIFORME BASKETBALL LAKER MORADA;NBA012;XL;0
467;2;UNIFORME BASKETBALL MIAMI;NBA013;S;0
467;3;UNIFORME BASKETBALL MIAMI;NBA013;M;0
467;4;UNIFORME BASKETBALL MIAMI;NBA013;L;0
467;5;UNIFORME BASKETBALL MIAMI;NBA013;XL;0
468;2;UNIFORME BASKETBALL NEW ORLEANS BLANCA;NBA014;S;0
468;3;UNIFORME BASKETBALL NEW ORLEANS BLANCA;NBA014;M;0
468;4;UNIFORME BASKETBALL NEW ORLEANS BLANCA;NBA014;L;0
468;5;UNIFORME BASKETBALL NEW ORLEANS BLANCA;NBA014;XL;0
469;2;UNIFORME BASKETBALL NEW ORLEANS CELESTE;NBA015;S;0
469;3;UNIFORME BASKETBALL NEW ORLEANS CELESTE;NBA015;M;0
469;4;UNIFORME BASKETBALL NEW ORLEANS CELESTE;NBA015;L;0
469;5;UNIFORME BASKETBALL NEW ORLEANS CELESTE;NBA015;XL;0
470;2;UNIFORME BASKETBALL NUGGETS;NBA016;S;0
470;3;UNIFORME BASKETBALL NUGGETS;NBA016;M;0
470;4;UNIFORME BASKETBALL NUGGETS;NBA016;L;0
470;5;UNIFORME BASKETBALL NUGGETS;NBA016;XL;0
471;2;UNIFORME BASKET PISTONS;NBA017;S;0
471;3;UNIFORME BASKET PISTONS;NBA017;M;0
471;4;UNIFORME BASKET PISTONS;NBA017;L;0
471;5;UNIFORME BASKET PISTONS;NBA017;XL;0
472;2;UNIFORME BASKET ROCKETS;NBA018;S;0
472;3;UNIFORME BASKET ROCKETS;NBA018;M;0
472;4;UNIFORME BASKET ROCKETS;NBA018;L;60
472;5;UNIFORME BASKET ROCKETS;NBA018;XL;80
473;2;UNIFORME BASKET SPURS;NBA019;S;0
473;3;UNIFORME BASKET SPURS;NBA019;M;0
473;4;UNIFORME BASKET SPURS;NBA019;L;0
473;5;UNIFORME BASKET SPURS;NBA019;XL;0
474;2;UNIFORME BASKET SUNS;NBA020;S;0
474;3;UNIFORME BASKET SUNS;NBA020;M;0
474;4;UNIFORME BASKET SUNS;NBA020;L;0
474;5;UNIFORME BASKET SUNS;NBA020;XL;0
476;1;GUANTE NEOPRENE MUNEQUERA;GYM0004;N/A;0
477;1;GUANTE NEOPRENE SENCILLO;GYM0005;N/A;0
478;1;GUANTE SPEENING PALMA CUERO;GYM0006;N/A;0
479;1;MUNEQUERAS;MUNE0001;N/A;0
480;1;GAFA NATACION ANTI FOG. PROFESIONAL;NATA0001;N/A;98
481;1;GORRO NATACION PROFESIONAL;NATA0004;N/A;0
482;1;TAPA OIDO SILICONA;NATA0005;N/A;0
483;1;BOLA PING PONG RUNIC X 6;PING0001;N/A;0
484;1;RAQUETA PING PONG PRO;PING0002;N/A;0
485;1;RAQUETA PING PONG RUTTER CHAMP;PING0003;N/A;0
486;1;RAQUETA PING PONG BUTTER WAKABA;PING0004;N/A;0
487;1;SET 2 RAQUETAS 3 PING PONG;PING0005;N/A;40
488;1;MALLAS BASKET RUNIC;RECR0002;N/A;0
488;2;MALLAS BASKET RUNIC;RECR0002;S;0
488;3;MALLAS BASKET RUNIC;RECR0002;M;0
488;4;MALLAS BASKET RUNIC;RECR0002;L;0
488;5;MALLAS BASKET RUNIC;RECR0002;XL;0
489;1;TABLERO DARDOS;RECR0001;N/A;4
490;1;BOLA TENNIS PENN X 3;TENI0001;N/A;0
491;1;BOLA PILATES BODY 65 CM;TERA0001;N/A;0
492;1;BOLA PILATES 75 CM;TERA0002;N/A;0
493;1;COLCHONETA YOGA;TERA0003;N/A;18
494;1;COLCHONETA YOGA GREMEST;TERA0004;N/A;0
495;1;DONA PILATES BODY;TERA0005;N/A;0
496;1;FAJA ABDOMINAL;TERA0006;N/A;0
497;1;RODILLO ABDOMINAL BODY;TERA0007;N/A;0
498;1;TENSOR DE MANO;TERA0008;N/A;5
499;1;TERABAN TUBULAR;TERA0009;N/A;0
500;1;TOBILLERA MEDICINAL;TERA0010;N/A;0
501;1;BANDA DE RESISTENCIA DOBLE;TERA0011;N/A;0
502;1;BANDA DE RESISTENCIA SENCILA;TERA0012;N/A;0
503;1;SOGA DE SALTAR;TERA0013;N/A;59
504;1;RODILLERA NEOPRENE ROTULA MEDICINAL;TERA0014;N/A;0
509;2;BICIFUTBOL LYCRA COLORES;LYCR0001;S;0
509;3;BICIFUTBOL LYCRA COLORES;LYCR0001;M;0
509;4;BICIFUTBOL LYCRA COLORES;LYCR0001;L;0
509;5;BICIFUTBOL LYCRA COLORES;LYCR0001;XL;0
510;2;BICIFUTBOL LYCRA COLORES ADULTO;LYCR0002;S;0
510;3;BICIFUTBOL LYCRA COLORES ADULTO;LYCR0002;M;0
510;4;BICIFUTBOL LYCRA COLORES ADULTO;LYCR0002;L;0
510;5;BICIFUTBOL LYCRA COLORES ADULTO;LYCR0002;XL;0
511;2;CAMISILLA MANGA LARGA;LYCR0003;S;0
511;3;CAMISILLA MANGA LARGA;LYCR0003;M;0
511;4;CAMISILLA MANGA LARGA;LYCR0003;L;0
511;5;CAMISILLA MANGA LARGA;LYCR0003;XL;0
512;2;CAMISILLA LYCRA SEMI;LYCR0004;S;0
512;3;CAMISILLA LYCRA SEMI;LYCR0004;M;0
512;4;CAMISILLA LYCRA SEMI;LYCR0004;L;0
512;5;CAMISILLA LYCRA SEMI;LYCR0004;XL;0
513;2;BICICLETERO LYCRA;LYCR0005;S;0
513;3;BICICLETERO LYCRA;LYCR0005;M;0
513;4;BICICLETERO LYCRA;LYCR0005;L;0
513;5;BICICLETERO LYCRA;LYCR0005;XL;0
514;1;MEDI FUTBOL SEMI PROFESIONAL;MFPN0001;N/A;0
515;1;MEDIA FUTBOL PROFESIONAL;MFPN0002;N/A;0
516;1;PLANCHA TOURMALINA DIGITAL;PLANCHA001;N/A;0
517;2;UNIF AD ARGENTINA HOME;UEFA0042;S;0
517;3;UNIF AD ARGENTINA HOME;UEFA0042;M;0
517;4;UNIF AD ARGENTINA HOME;UEFA0042;L;0
517;5;UNIF AD ARGENTINA HOME;UEFA0042;XL;0
518;2;UNIF AD FRANCIA HOME;UEFA0043;S;0
518;3;UNIF AD FRANCIA HOME;UEFA0043;M;0
518;4;UNIF AD FRANCIA HOME;UEFA0043;L;0
518;5;UNIF AD FRANCIA HOME;UEFA0043;XL;0
519;2;UNIF AD INGLATERRA X BLANCO;UEFA0044;S;40
519;3;UNIF AD INGLATERRA X BLANCO;UEFA0044;M;87
519;4;UNIF AD INGLATERRA X BLANCO;UEFA0044;L;115
519;5;UNIF AD INGLATERRA X BLANCO;UEFA0044;XL;40
520;2;UNIF AD ESPA헤 HOME;UEFA0045;S;20
520;3;UNIF AD ESPA헤 HOME;UEFA0045;M;60
520;4;UNIF AD ESPA헤 HOME;UEFA0045;L;10
520;5;UNIF AD ESPA헤 HOME;UEFA0045;XL;0
521;2;UNIF AD ITALIA AWAY;UEFA0046;S;0
521;3;UNIF AD ITALIA AWAY;UEFA0046;M;0
521;4;UNIF AD ITALIA AWAY;UEFA0046;L;0
521;5;UNIF AD ITALIA AWAY;UEFA0046;XL;0
522;2;UNIF AD SUDAFRICA HOME;UEFA0047;S;0
522;3;UNIF AD SUDAFRICA HOME;UEFA0047;M;0
522;4;UNIF AD SUDAFRICA HOME;UEFA0047;L;0
522;5;UNIF AD SUDAFRICA HOME;UEFA0047;XL;0
523;2;UNIF AD ALEMANIA AWAY;UEFA0048;S;0
523;3;UNIF AD ALEMANIA AWAY;UEFA0048;M;0
523;4;UNIF AD ALEMANIA AWAY;UEFA0048;L;0
523;5;UNIF AD ALEMANIA AWAY;UEFA0048;XL;0
524;2;UNIF AD ARGENTINA AWAY 2;UEFA0049;S;0
524;3;UNIF AD ARGENTINA AWAY 2;UEFA0049;M;0
524;4;UNIF AD ARGENTINA AWAY 2;UEFA0049;L;0
524;5;UNIF AD ARGENTINA AWAY 2;UEFA0049;XL;0
525;2;UNIF AD BRASIL HOME;UEFA0050;S;0
525;3;UNIF AD BRASIL HOME;UEFA0050;M;0
525;4;UNIF AD BRASIL HOME;UEFA0050;L;0
525;5;UNIF AD BRASIL HOME;UEFA0050;XL;0
526;2;UNIF AD CAMERUM HOME;UEFA0051;S;0
526;3;UNIF AD CAMERUM HOME;UEFA0051;M;0
526;4;UNIF AD CAMERUM HOME;UEFA0051;L;0
526;5;UNIF AD CAMERUM HOME;UEFA0051;XL;0
527;2;UNI AD COSTA MARFIL;UEFA0052;S;0
527;3;UNI AD COSTA MARFIL;UEFA0052;M;0
527;4;UNI AD COSTA MARFIL;UEFA0052;L;0
527;5;UNI AD COSTA MARFIL;UEFA0052;XL;0
528;2;UNIF AD DINAMARCA HOME;UEFA0053;S;0
528;3;UNIF AD DINAMARCA HOME;UEFA0053;M;0
528;4;UNIF AD DINAMARCA HOME;UEFA0053;L;0
528;5;UNIF AD DINAMARCA HOME;UEFA0053;XL;0
529;2;UNIF AD ESPA헤 AWAY;UEFA0054;S;0
529;3;UNIF AD ESPA헤 AWAY;UEFA0054;M;91
529;4;UNIF AD ESPA헤 AWAY;UEFA0054;L;77
529;5;UNIF AD ESPA헤 AWAY;UEFA0054;XL;0
530;2;UNIF AD FRANCIA AWAY;UEFA0055;S;0
530;3;UNIF AD FRANCIA AWAY;UEFA0055;M;0
530;4;UNIF AD FRANCIA AWAY;UEFA0055;L;0
530;5;UNIF AD FRANCIA AWAY;UEFA0055;XL;0
531;2;UNIF AD GRECIA HOME;UEFA0056;S;0
531;3;UNIF AD GRECIA HOME;UEFA0056;M;0
531;4;UNIF AD GRECIA HOME;UEFA0056;L;0
531;5;UNIF AD GRECIA HOME;UEFA0056;XL;0
532;2;UNIF ADU HOLANDA AWAY;UEFA0057;S;0
532;3;UNIF ADU HOLANDA AWAY;UEFA0057;M;0
532;4;UNIF ADU HOLANDA AWAY;UEFA0057;L;0
532;5;UNIF ADU HOLANDA AWAY;UEFA0057;XL;0
533;2;UNIF AD JAPON HOME;UEFA0058;S;0
533;3;UNIF AD JAPON HOME;UEFA0058;M;0
533;4;UNIF AD JAPON HOME;UEFA0058;L;0
533;5;UNIF AD JAPON HOME;UEFA0058;XL;0
534;2;UNIF AD MEXICO HOME;UEFA0059;S;0
534;3;UNIF AD MEXICO HOME;UEFA0059;M;0
534;4;UNIF AD MEXICO HOME;UEFA0059;L;0
534;5;UNIF AD MEXICO HOME;UEFA0059;XL;0
535;2;UNIF AD NIGERIA HOME;UEFA0060;S;0
535;3;UNIF AD NIGERIA HOME;UEFA0060;M;0
535;4;UNIF AD NIGERIA HOME;UEFA0060;L;0
535;5;UNIF AD NIGERIA HOME;UEFA0060;XL;0
536;2;UNIF AD PORTUGAL AWAY;UEFA0061;S;11
536;3;UNIF AD PORTUGAL AWAY;UEFA0061;M;18
536;4;UNIF AD PORTUGAL AWAY;UEFA0061;L;41
536;5;UNIF AD PORTUGAL AWAY;UEFA0061;XL;16
537;2;UNIF ADU USA HOME;UEFA0062;S;0
537;3;UNIF ADU USA HOME;UEFA0062;M;0
537;4;UNIF ADU USA HOME;UEFA0062;L;0
537;5;UNIF ADU USA HOME;UEFA0062;XL;0
538;6;UNI NI헲 SUDAFRICA;UEFA0063;10;0
538;7;UNI NI헲 SUDAFRICA;UEFA0063;12;0
538;8;UNI NI헲 SUDAFRICA;UEFA0063;14;0
538;9;UNI NI헲 SUDAFRICA;UEFA0063;16;0
538;10;UNI NI헲 SUDAFRICA;UEFA0063;18;0
539;2;UNIF AD PARAGUAY AWAY;UEFA0064;S;37
539;3;UNIF AD PARAGUAY AWAY;UEFA0064;M;14
539;4;UNIF AD PARAGUAY AWAY;UEFA0064;L;0
539;5;UNIF AD PARAGUAY AWAY;UEFA0064;XL;0
540;6;CAMISETA NI헲 COLOMBIA;CNC0001;10;0
540;7;CAMISETA NI헲 COLOMBIA;CNC0001;12;0
540;8;CAMISETA NI헲 COLOMBIA;CNC0001;14;0
540;9;CAMISETA NI헲 COLOMBIA;CNC0001;16;0
540;10;CAMISETA NI헲 COLOMBIA;CNC0001;18;0
541;1;BOLSA GUAYOS;BAGGUA0001;N/A;0
542;2;UNIF AD KOREA AWAY;UEFA0065;S;0
542;3;UNIF AD KOREA AWAY;UEFA0065;M;0
542;4;UNIF AD KOREA AWAY;UEFA0065;L;0
542;5;UNIF AD KOREA AWAY;UEFA0065;XL;0
543;2;UNIF AD ITALIA HOME;UEFA0066;S;10
543;3;UNIF AD ITALIA HOME;UEFA0066;M;70
543;4;UNIF AD ITALIA HOME;UEFA0066;L;101
543;5;UNIF AD ITALIA HOME;UEFA0066;XL;31
544;6;UNI NI헲 ITALIA HOME;UEFA0067;10;0
544;7;UNI NI헲 ITALIA HOME;UEFA0067;12;0
544;8;UNI NI헲 ITALIA HOME;UEFA0067;14;0
544;9;UNI NI헲 ITALIA HOME;UEFA0067;16;0
544;10;UNI NI헲 ITALIA HOME;UEFA0067;18;0
545;6;UNI NI헲 FRANCIA AWAY;UEFA0068;10;0
545;7;UNI NI헲 FRANCIA AWAY;UEFA0068;12;0
545;8;UNI NI헲 FRANCIA AWAY;UEFA0068;14;0
545;9;UNI NI헲 FRANCIA AWAY;UEFA0068;16;0
545;10;UNI NI헲 FRANCIA AWAY;UEFA0068;18;0
547;2;UNIF AD BRASIL AWAY;UEFA0069;S;0
547;3;UNIF AD BRASIL AWAY;UEFA0069;M;0
547;4;UNIF AD BRASIL AWAY;UEFA0069;L;0
547;5;UNIF AD BRASIL AWAY;UEFA0069;XL;0
549;2;UNIF ADU PORTUGAL HOME;UEFA0070;S;60
549;3;UNIF ADU PORTUGAL HOME;UEFA0070;M;148
549;4;UNIF ADU PORTUGAL HOME;UEFA0070;L;148
549;5;UNIF ADU PORTUGAL HOME;UEFA0070;XL;59
550;2;UNIF AD ARGENTINA AWAY;UEFA0071;S;0
550;3;UNIF AD ARGENTINA AWAY;UEFA0071;M;0
550;4;UNIF AD ARGENTINA AWAY;UEFA0071;L;0
550;5;UNIF AD ARGENTINA AWAY;UEFA0071;XL;0
551;2;UNIF AD USA AWAY;UEFA0072;S;0
551;3;UNIF AD USA AWAY;UEFA0072;M;39
551;4;UNIF AD USA AWAY;UEFA0072;L;29
551;5;UNIF AD USA AWAY;UEFA0072;XL;0
552;6;UNI NI헲 BAYERN;UEFA0073;10;0
552;7;UNI NI헲 BAYERN;UEFA0073;12;0
552;8;UNI NI헲 BAYERN;UEFA0073;14;0
552;9;UNI NI헲 BAYERN;UEFA0073;16;0
552;10;UNI NI헲 BAYERN;UEFA0073;18;0
553;6;UNI NI헲 INTER;UEFA0074;10;0
553;7;UNI NI헲 INTER;UEFA0074;12;0
553;8;UNI NI헲 INTER;UEFA0074;14;0
553;9;UNI NI헲 INTER;UEFA0074;16;0
553;10;UNI NI헲 INTER;UEFA0074;18;0
554;6;UNI NI헲 UEFA AZUL;UEFA0075;10;0
554;7;UNI NI헲 UEFA AZUL;UEFA0075;12;0
554;8;UNI NI헲 UEFA AZUL;UEFA0075;14;50
554;9;UNI NI헲 UEFA AZUL;UEFA0075;16;30
554;10;UNI NI헲 UEFA AZUL;UEFA0075;18;0
555;6;UNI NI헲 UEFA ROJO;UEFA0076;10;0
555;7;UNI NI헲 UEFA ROJO;UEFA0076;12;0
555;8;UNI NI헲 UEFA ROJO;UEFA0076;14;60
555;9;UNI NI헲 UEFA ROJO;UEFA0076;16;30
555;10;UNI NI헲 UEFA ROJO;UEFA0076;18;0
556;6;UNI NI헲 UEFA NARANJA;UEFA0077;10;0
556;7;UNI NI헲 UEFA NARANJA;UEFA0077;12;0
556;8;UNI NI헲 UEFA NARANJA;UEFA0077;14;40
556;9;UNI NI헲 UEFA NARANJA;UEFA0077;16;28
556;10;UNI NI헲 UEFA NARANJA;UEFA0077;18;0
557;2;UN CHEALSEA HOME N.T;UEFA0078;S;0
557;3;UN CHEALSEA HOME N.T;UEFA0078;M;68
557;4;UN CHEALSEA HOME N.T;UEFA0078;L;72
557;5;UN CHEALSEA HOME N.T;UEFA0078;XL;27
558;2;UN LIVERPOOL HOME N.T;UEFA0079;S;0
558;3;UN LIVERPOOL HOME N.T;UEFA0079;M;0
558;4;UN LIVERPOOL HOME N.T;UEFA0079;L;0
558;5;UN LIVERPOOL HOME N.T;UEFA0079;XL;0
560;2;UN REAL HOME N.T;UEFA0080;S;0
560;3;UN REAL HOME N.T;UEFA0080;M;0
560;4;UN REAL HOME N.T;UEFA0080;L;0
560;5;UN REAL HOME N.T;UEFA0080;XL;0
561;2;UN REAL AWAY N.T;UEFA0081;S;0
561;3;UN REAL AWAY N.T;UEFA0081;M;0
561;4;UN REAL AWAY N.T;UEFA0081;L;20
561;5;UN REAL AWAY N.T;UEFA0081;XL;10
562;2;UN INTER HOME N.T;UEFA0082;S;0
562;3;UN INTER HOME N.T;UEFA0082;M;40
562;4;UN INTER HOME N.T;UEFA0082;L;0
562;5;UN INTER HOME N.T;UEFA0082;XL;0
563;2;UN BARCELONA HOME N.T;UEFA0083;S;0
563;3;UN BARCELONA HOME N.T;UEFA0083;M;0
563;4;UN BARCELONA HOME N.T;UEFA0083;L;0
563;5;UN BARCELONA HOME N.T;UEFA0083;XL;0
564;2;UN BAYERN HOME N.T;UEFA0084;S;20
564;3;UN BAYERN HOME N.T;UEFA0084;M;74
564;4;UN BAYERN HOME N.T;UEFA0084;L;63
564;5;UN BAYERN HOME N.T;UEFA0084;XL;12
565;2;UN OLIMPIQUE HOME N.T;UEFA0085;S;0
565;3;UN OLIMPIQUE HOME N.T;UEFA0085;M;0
565;4;UN OLIMPIQUE HOME N.T;UEFA0085;L;0
565;5;UN OLIMPIQUE HOME N.T;UEFA0085;XL;0
566;11;PETO;UEFA0086;AMARILLO;111
566;12;PETO;UEFA0086;AZUL REY;109
566;13;PETO;UEFA0086;ROJO;109
566;14;PETO;UEFA0086;NARANJA;89
566;15;PETO;UEFA0086;VERDE;70
567;2;UN AJAX AWAY N.T;UEFA0087;S;0
567;3;UN AJAX AWAY N.T;UEFA0087;M;0
567;4;UN AJAX AWAY N.T;UEFA0087;L;0
567;5;UN AJAX AWAY N.T;UEFA0087;XL;0
568;2;UN BARCELONA AWAY N.T;UEFA0088;S;0
568;3;UN BARCELONA AWAY N.T;UEFA0088;M;0
568;4;UN BARCELONA AWAY N.T;UEFA0088;L;0
568;5;UN BARCELONA AWAY N.T;UEFA0088;XL;0
569;2;UNI CHELSEA AWAY N.T;UEFA0089;S;0
569;3;UNI CHELSEA AWAY N.T;UEFA0089;M;0
569;4;UNI CHELSEA AWAY N.T;UEFA0089;L;0
569;5;UNI CHELSEA AWAY N.T;UEFA0089;XL;0
570;2;UN INTER AWAY N.T;UEFA0090;S;0
570;3;UN INTER AWAY N.T;UEFA0090;M;0
570;4;UN INTER AWAY N.T;UEFA0090;L;0
570;5;UN INTER AWAY N.T;UEFA0090;XL;0
571;2;UN LIVERPOOL AWAY N.T;UEFA0091;S;0
571;3;UN LIVERPOOL AWAY N.T;UEFA0091;M;0
571;4;UN LIVERPOOL AWAY N.T;UEFA0091;L;0
571;5;UN LIVERPOOL AWAY N.T;UEFA0091;XL;0
572;2;UN MANCHESTER HOME N.T;UEFA0092;S;0
572;3;UN MANCHESTER HOME N.T;UEFA0092;M;8
572;4;UN MANCHESTER HOME N.T;UEFA0092;L;29
572;5;UN MANCHESTER HOME N.T;UEFA0092;XL;0
573;2;UN MANCHESTER AWAY N.T;UEFA0093;S;0
573;3;UN MANCHESTER AWAY N.T;UEFA0093;M;61
573;4;UN MANCHESTER AWAY N.T;UEFA0093;L;57
573;5;UN MANCHESTER AWAY N.T;UEFA0093;XL;0
574;2;UN MILAN HOME N.T;UEFA0094;S;0
574;3;UN MILAN HOME N.T;UEFA0094;M;0
574;4;UN MILAN HOME N.T;UEFA0094;L;0
574;5;UN MILAN HOME N.T;UEFA0094;XL;0
575;2;UN OLIMPIQUE AWAY N.T;UEFA0095;S;0
575;3;UN OLIMPIQUE AWAY N.T;UEFA0095;M;0
575;4;UN OLIMPIQUE AWAY N.T;UEFA0095;L;0
575;5;UN OLIMPIQUE AWAY N.T;UEFA0095;XL;0
576;1;BUFANDA MILLONARIOS;ACFU0017;N/A;830
577;1;BUFANDA BRASIL;ACFU0018;N/A;0
578;1;BUFANDA ITALIA;ACFU0019;N/A;0
579;1;BUFANDA ESPA헤;ACFU0020;N/A;78
580;1;BUFANDA ALEMANIA;ACFU0021;N/A;0
581;1;BUFANDA ARGENTINA;ACFU0022;N/A;0
582;1;BUFANDA LIVERPOOL;ACFU0023;N/A;0
583;1;BUFANDA BARCELONA;ACFU0024;N/A;0
585;1;BUFANDA INTER;ACFU0026;N/A;0
586;1;BUFANDA ARSENAL;ACFU0027;N/A;0
587;1;BUFANDA MILAN;ACFU0028;N/A;0
588;1;BUFANDA REAL;ACFU0029;N/A;0
589;1;BUFANDA HOLANDA;ACFU0030;N/A;0
590;1;BUFANDA CHEALSE;ACFU0031;N/A;0
591;1;GUANTE ARQUERO NINO;ACFU0032;N/A;251
592;2;UNIFORME BASKET HEAT;NBA021;S;0
592;3;UNIFORME BASKET HEAT;NBA021;M;0
592;4;UNIFORME BASKET HEAT;NBA021;L;18
592;5;UNIFORME BASKET HEAT;NBA021;XL;0
593;2;UNIFORME BASKET PHONEX;NBA022;S;0
593;3;UNIFORME BASKET PHONEX;NBA022;M;0
593;4;UNIFORME BASKET PHONEX;NBA022;L;0
593;5;UNIFORME BASKET PHONEX;NBA022;XL;0
594;2;UNIFORME BASKET CELTICS;NBA023;S;0
594;3;UNIFORME BASKET CELTICS;NBA023;M;0
594;4;UNIFORME BASKET CELTICS;NBA023;L;0
594;5;UNIFORME BASKET CELTICS;NBA023;XL;0
595;2;UN ATLETICO HOME N.T;UEFA0096;S;0
595;3;UN ATLETICO HOME N.T;UEFA0096;M;60
595;4;UN ATLETICO HOME N.T;UEFA0096;L;66
595;5;UN ATLETICO HOME N.T;UEFA0096;XL;3
596;2;UN JUVENTUS HOME N.T;UEFA0097;S;0
596;3;UN JUVENTUS HOME N.T;UEFA0097;M;30
596;4;UN JUVENTUS HOME N.T;UEFA0097;L;11
596;5;UN JUVENTUS HOME N.T;UEFA0097;XL;5
597;2;UN ARSENAL HOME N.T;UEFA0098;S;0
597;3;UN ARSENAL HOME N.T;UEFA0098;M;66
597;4;UN ARSENAL HOME N.T;UEFA0098;L;65
597;5;UN ARSENAL HOME N.T;UEFA0098;XL;11
598;2;UN PORTO HOME N.T;UEFA0099;S;0
598;3;UN PORTO HOME N.T;UEFA0099;M;0
598;4;UN PORTO HOME N.T;UEFA0099;L;0
598;5;UN PORTO HOME N.T;UEFA0099;XL;0
599;2;UN ARSENAL AWAY N.T;UEFA0100;S;10
599;3;UN ARSENAL AWAY N.T;UEFA0100;M;50
599;4;UN ARSENAL AWAY N.T;UEFA0100;L;47
599;5;UN ARSENAL AWAY N.T;UEFA0100;XL;10
600;2;UN RIVER HOME N.T;UEFA0101;S;0
600;3;UN RIVER HOME N.T;UEFA0101;M;52
600;4;UN RIVER HOME N.T;UEFA0101;L;73
600;5;UN RIVER HOME N.T;UEFA0101;XL;10
601;2;UN JUVENTUS AWAY NT;UEFA0102;S;0
601;3;UN JUVENTUS AWAY NT;UEFA0102;M;0
601;4;UN JUVENTUS AWAY NT;UEFA0102;L;0
601;5;UN JUVENTUS AWAY NT;UEFA0102;XL;0
602;2;BUSO LYCRA BLANCO;LYC007;S;0
602;3;BUSO LYCRA BLANCO;LYC007;M;0
602;4;BUSO LYCRA BLANCO;LYC007;L;0
602;5;BUSO LYCRA BLANCO;LYC007;XL;0
603;2;BUSO LYCRA AZUL;LYC008;S;0
603;3;BUSO LYCRA AZUL;LYC008;M;0
603;4;BUSO LYCRA AZUL;LYC008;L;0
603;5;BUSO LYCRA AZUL;LYC008;XL;0
604;2;BUSO LYCRA ROJO;LYC009;S;0
604;3;BUSO LYCRA ROJO;LYC009;M;0
604;4;BUSO LYCRA ROJO;LYC009;L;0
604;5;BUSO LYCRA ROJO;LYC009;XL;0
605;2;BUSO LYCRA NEGRO;LYC010;S;0
605;3;BUSO LYCRA NEGRO;LYC010;M;0
605;4;BUSO LYCRA NEGRO;LYC010;L;0
605;5;BUSO LYCRA NEGRO;LYC010;XL;0
606;1;BALON VOLEYBALL;BAV0001;N/A;4
607;1;CODERA MEDICINAL;TERA0015;N/A;0
609;1;RAQUETA TENNIS;RATE0001;N/A;0
610;1;RAQUETA SQUASH;RASQ0001;N/A;9
611;1;SET BOLA TENNIS PROF. X 3;BOLTEN0001;N/A;19
612;1;ESTUCHE BOLA TENNIS X 12;BOLTEN0002;N/A;18
613;1;TERMO PLASTICO;TERM0001;N/A;57
614;2;UNIFORME ROMA HOME N.T;UEFA0103;S;44
614;3;UNIFORME ROMA HOME N.T;UEFA0103;M;110
614;4;UNIFORME ROMA HOME N.T;UEFA0103;L;130
614;5;UNIFORME ROMA HOME N.T;UEFA0103;XL;40
615;2;UN BOCA JR N.T;UEFA0105;S;30
615;3;UN BOCA JR N.T;UEFA0105;M;100
615;4;UN BOCA JR N.T;UEFA0105;L;110
615;5;UN BOCA JR N.T;UEFA0105;XL;32
616;2;UN CHELSEA AWAY 2 N.T;UEFA0106;S;0
616;3;UN CHELSEA AWAY 2 N.T;UEFA0106;M;0
616;4;UN CHELSEA AWAY 2 N.T;UEFA0106;L;0
616;5;UN CHELSEA AWAY 2 N.T;UEFA0106;XL;0
617;2;UN SPORTING HOME N.T;UEFA0107;S;1
617;3;UN SPORTING HOME N.T;UEFA0107;M;9
617;4;UN SPORTING HOME N.T;UEFA0107;L;23
617;5;UN SPORTING HOME N.T;UEFA0107;XL;1
618;2;UN WOLFSBURG HOME N.T;UEFA0108;S;39
618;3;UN WOLFSBURG HOME N.T;UEFA0108;M;127
618;4;UN WOLFSBURG HOME N.T;UEFA0108;L;124
618;5;UN WOLFSBURG HOME N.T;UEFA0108;XL;44
619;1;BALON FUTBOL AMERICANO;BFA0001;N/A;0
621;1;BASCU0001;BASCU0001;N/A;2
622;2;COVER TRAINING ROJO;UEFA0137;S;0
622;3;COVER TRAINING ROJO;UEFA0137;M;0
622;4;COVER TRAINING ROJO;UEFA0137;L;0
622;5;COVER TRAINING ROJO;UEFA0137;XL;0
623;2;COVER TRAINING BLANCO;UEFA0138;S;0
623;3;COVER TRAINING BLANCO;UEFA0138;M;0
623;4;COVER TRAINING BLANCO;UEFA0138;L;0
623;5;COVER TRAINING BLANCO;UEFA0138;XL;0
624;2;UN BAYERN AWAY N.T;UEFA0104;S;0
624;3;UN BAYERN AWAY N.T;UEFA0104;M;0
624;4;UN BAYERN AWAY N.T;UEFA0104;L;0
624;5;UN BAYERN AWAY N.T;UEFA0104;XL;0
625;1;BALON FUTBOL JAV;BAF0007;N/A;53
628;2;UN UEFA AZUL REY X AZUL;UEFA0109;S;0
628;3;UN UEFA AZUL REY X AZUL;UEFA0109;M;0
628;4;UN UEFA AZUL REY X AZUL;UEFA0109;L;0
628;5;UN UEFA AZUL REY X AZUL;UEFA0109;XL;0
629;2;UN UEFA AZUL OSCURO;UEFA0110;S;23
629;3;UN UEFA AZUL OSCURO;UEFA0110;M;100
629;4;UN UEFA AZUL OSCURO;UEFA0110;L;96
629;5;UN UEFA AZUL OSCURO;UEFA0110;XL;19
630;2;UN BARCELONA AWAY 2 N.T;UEFA0111;S;0
630;3;UN BARCELONA AWAY 2 N.T;UEFA0111;M;0
630;4;UN BARCELONA AWAY 2 N.T;UEFA0111;L;0
630;5;UN BARCELONA AWAY 2 N.T;UEFA0111;XL;0
631;2;UN CHELSEA AWAY 3 N.T;UEFA0112;S;0
631;3;UN CHELSEA AWAY 3 N.T;UEFA0112;M;0
631;4;UN CHELSEA AWAY 3 N.T;UEFA0112;L;0
631;5;UN CHELSEA AWAY 3 N.T;UEFA0112;XL;0
632;2;UN LIVERPOOL AWAY 2 N.T;UEFA0113;S;0
632;3;UN LIVERPOOL AWAY 2 N.T;UEFA0113;M;0
632;4;UN LIVERPOOL AWAY 2 N.T;UEFA0113;L;0
632;5;UN LIVERPOOL AWAY 2 N.T;UEFA0113;XL;0
633;2;UN MILAN AWAY N.T;UEFA0114;S;0
633;3;UN MILAN AWAY N.T;UEFA0114;M;0
633;4;UN MILAN AWAY N.T;UEFA0114;L;29
633;5;UN MILAN AWAY N.T;UEFA0114;XL;11
634;2;UN REAL AWAY 2 N.T;UEFA0115;S;0
634;3;UN REAL AWAY 2 N.T;UEFA0115;M;0
634;4;UN REAL AWAY 2 N.T;UEFA0115;L;32
634;5;UN REAL AWAY 2 N.T;UEFA0115;XL;0
635;6;UNI NI헲 CHELSEA 2011;UEFA0116;10;0
635;7;UNI NI헲 CHELSEA 2011;UEFA0116;12;0
635;8;UNI NI헲 CHELSEA 2011;UEFA0116;14;0
635;9;UNI NI헲 CHELSEA 2011;UEFA0116;16;0
635;10;UNI NI헲 CHELSEA 2011;UEFA0116;18;0
636;6;UNI NI헲 MILAN 2011;UEFA0117;10;0
636;7;UNI NI헲 MILAN 2011;UEFA0117;12;0
636;8;UNI NI헲 MILAN 2011;UEFA0117;14;0
636;9;UNI NI헲 MILAN 2011;UEFA0117;16;0
636;10;UNI NI헲 MILAN 2011;UEFA0117;18;0
637;6;UNI NI헲 BARCELONA 2011;UEFA0118;10;0
637;7;UNI NI헲 BARCELONA 2011;UEFA0118;12;0
637;8;UNI NI헲 BARCELONA 2011;UEFA0118;14;0
637;9;UNI NI헲 BARCELONA 2011;UEFA0118;16;0
637;10;UNI NI헲 BARCELONA 2011;UEFA0118;18;0
638;2;UN UEFA AMARILLO X AMARILLO;UEFA0122;S;14
638;3;UN UEFA AMARILLO X AMARILLO;UEFA0122;M;93
638;4;UN UEFA AMARILLO X AMARILLO;UEFA0122;L;110
638;5;UN UEFA AMARILLO X AMARILLO;UEFA0122;XL;35
639;2;UN UEFA NARANJA X NARANJA;UEFA0123;S;11
639;3;UN UEFA NARANJA X NARANJA;UEFA0123;M;60
639;4;UN UEFA NARANJA X NARANJA;UEFA0123;L;80
639;5;UN UEFA NARANJA X NARANJA;UEFA0123;XL;34
640;2;UN UEFA NEGRO X NEGRO;UEFA0124;S;0
640;3;UN UEFA NEGRO X NEGRO;UEFA0124;M;60
640;4;UN UEFA NEGRO X NEGRO;UEFA0124;L;60
640;5;UN UEFA NEGRO X NEGRO;UEFA0124;XL;0
641;2;UN BORDEAUX HOME;UEFA0125;S;0
641;3;UN BORDEAUX HOME;UEFA0125;M;30
641;4;UN BORDEAUX HOME;UEFA0125;L;26
641;5;UN BORDEAUX HOME;UEFA0125;XL;0
643;6;UNI NI헲 REAL 2011;UEFA0120;10;0
643;7;UNI NI헲 REAL 2011;UEFA0120;12;0
643;8;UNI NI헲 REAL 2011;UEFA0120;14;0
643;9;UNI NI헲 REAL 2011;UEFA0120;16;0
643;10;UNI NI헲 REAL 2011;UEFA0120;18;0
644;6;UNI NI헲 ESPA헤 AWAY;UEFA0121;10;0
644;7;UNI NI헲 ESPA헤 AWAY;UEFA0121;12;0
644;8;UNI NI헲 ESPA헤 AWAY;UEFA0121;14;0
644;9;UNI NI헲 ESPA헤 AWAY;UEFA0121;16;0
644;10;UNI NI헲 ESPA헤 AWAY;UEFA0121;18;0
